Start Time (Seconds),End Time (Seconds),Duration (Seconds),Component,Energy Consumption (Joule)
0,67.887,67.887,screen medium,36.797197931999996
0,67.887,67.887,wifi running,0.91558382256
0.0,5.286429999978282,5.286429999978282,core 0 cpu_idle start,0.07896869133967557
5.286429999978282,69.9550000000163,64.66857000003802,core 0 cpu_idle,0.9660190986605679
0.0,5.286429999978282,5.286429999978282,core 1 cpu_idle start,0.07896869133967557
5.286429999978282,69.9550000000163,64.66857000003802,core 1 cpu_idle,0.9660190986605679
0.0,5.284252999990713,5.284252999990713,core 2 cpu_idle start,0.07893617131386127
5.284252999990713,69.9550000000163,64.67074700002559,core 2 cpu_idle,0.9660516186863822
0.0,5.294280999980401,5.294280999980401,core 3 cpu_idle start,0.07908596957770724
5.294280999980401,69.9550000000163,64.6607190000359,core 3 cpu_idle,0.9659018204225363
0.0,5.289549999986775,5.289549999986775,core 4 cpu_idle start,0.07901529789980245
5.289549999986775,5.313178999989759,0.023629000002983958,core 4 cpu_idle,0.00035297000204457434
5.313178999989759,5.31938799994532,0.006208999955561012,core 4 cpu_frequency,0.002453901093636965
5.31938799994532,5.563286999997217,0.24389900005189702,core 4 cpu_idle,0.0036433632627752375
5.563286999997217,5.590069999976549,0.02678299997933209,core 4 cpu_frequency,0.010585091546231693
5.590069999976549,5.60031099995831,0.010240999981760979,core 4 cpu_frequency,0.004047415241591632
5.60031099995831,5.626083999988623,0.025773000030312687,core 4 cpu_frequency,0.010185922598380082
5.626083999988623,5.689831999945454,0.06374799995683134,core 4 cpu_idle,0.0009522676233551465
5.689831999945454,5.689982999989297,0.00015100004384294152,core 4 cpu_frequency,5.967775412746704e-05
5.689982999989297,5.6986979999928735,0.008715000003576279,core 4 cpu_idle,0.00013018467005342245
5.6986979999928735,5.699500999995507,0.0008030000026337802,core 4 cpu_frequency,0.00031735909144091416
5.699500999995507,5.708855999982916,0.009354999987408519,core 4 cpu_idle,0.00013974498981190846
5.708855999982916,5.708928999956697,7.299997378140688e-05,core 4 cpu_frequency,2.885081603797152e-05
5.708928999956697,5.7190329999430105,0.010103999986313283,core 4 cpu_idle,0.00015093355179554783
5.7190329999430105,5.719094000000041,6.100005703046918e-05,core 4 cpu_frequency,2.4108247339399528e-05
5.719094000000041,5.729261999949813,0.010167999949771911,core 4 cpu_idle,0.00015188958324969281
5.729261999949813,5.729841999942437,0.0005799999926239252,core 4 cpu_frequency,0.00022922574108485128
5.729841999942437,5.829845999949612,0.10000400000717491,core 4 cpu_idle,0.0014938597521071788
5.829845999949612,5.8495119999861345,0.019666000036522746,core 4 cpu_frequency,0.007772333603234401
5.8495119999861345,5.849847999983467,0.00033599999733269215,core 4 cpu_idle,5.019167960155755e-06
5.849847999983467,5.8912729999865405,0.041425000003073364,core 4 cpu_frequency,0.016371855941214642
5.8912729999865405,5.930943999963347,0.03967099997680634,core 4 cpu_idle,0.0005926053976535331
5.930943999963347,5.936054999998305,0.005111000034958124,core 4 cpu_frequency,0.0020199530786160374
5.936054999998305,5.999810999957845,0.06375599995953962,core 4 cpu_idle,0.0009523871273956028
5.999810999957845,6.012612999998964,0.012802000041119754,core 4 cpu_frequency,0.005059565489851217
6.012612999998964,6.012620999943465,7.999944500625134e-06,core 4 cpu_idle,1.1950317095033824e-07
6.012620999943465,6.012871999992058,0.00025100004859268665,core 4 cpu_frequency,9.919943600464611e-05
6.012871999992058,6.059800999995787,0.046929000003729016,core 4 cpu_idle,0.000701025402055704
6.059800999995787,6.094576999952551,0.03477599995676428,core 4 cpu_frequency,0.013744059419712514
6.094576999952551,6.0945799999753945,3.00002284348011e-06,core 4 cpu_frequency,1.1856594281271097e-06
6.0945799999753945,6.139837999944575,0.04525799996918067,core 4 cpu_idle,0.0006760640035396209
6.139837999944575,6.253517999954056,0.11368000000948086,core 4 cpu_frequency,0.04492824582774699
6.253517999954056,6.5609789999434724,0.30746099998941645,core 4 cpu_idle,0.004592852417841903
6.5609789999434724,6.570822999987286,0.00984400004381314,core 4 cpu_frequency,0.003890514196515688
6.570822999987286,6.649912999942899,0.07908999995561317,core 4 cpu_idle,0.0011814464193369496
6.649912999942899,6.6499239999684505,1.1000025551766157e-05,core 4 cpu_frequency,4.347394898487254e-06
6.6499239999684505,8.079913999943528,1.4299899999750778,core 4 cpu_idle,0.021361190619627712
8.079913999943528,8.081619999953546,0.0017060000100173056,core 4 cpu_frequency,0.0006742398647590073
8.081619999953546,8.129921999992803,0.04830200003925711,core 4 cpu_idle,0.0007215352765864226
8.129921999992803,8.129924999957439,2.9999646358191967e-06,core 4 cpu_frequency,1.185636423481628e-06
8.129924999957439,8.499987999966834,0.3700630000093952,core 4 cpu_idle,0.005528001094140345
8.499987999966834,8.519132999994326,0.019145000027492642,core 4 cpu_frequency,0.007566425646865552
8.519132999994326,8.52013399999123,0.0010009999969042838,core 4 cpu_idle,1.4952937953756192e-05
8.52013399999123,8.521588999952655,0.001454999961424619,core 4 cpu_frequency,0.0005750404287543612
8.521588999952655,8.600003999948967,0.07841499999631196,core 4 cpu_idle,0.0011713632699449081
8.600003999948967,8.601945999951568,0.0019420000026002526,core 4 cpu_frequency,0.0007675110266276634
8.601945999951568,8.660171999945305,0.05822599999373779,core 4 cpu_idle,0.0008697799879064551
8.660171999945305,8.968533999985084,0.30836200003977865,core 4 cpu_frequency,0.12186984289732117
8.968533999985084,9.370118999970146,0.4015849999850616,core 4 cpu_idle,0.00599887672977685
9.370118999970146,9.374792999995407,0.0046740000252611935,core 4 cpu_frequency,0.0018472433331836477
9.374792999995407,9.450377999979537,0.07558499998413026,core 4 cpu_idle,0.001129088729762938
9.450377999979537,9.450563999998849,0.0001860000193119049,core 4 cpu_frequency,7.351033243238924e-05
9.450563999998849,9.499949999968521,0.04938599996967241,core 4 cpu_idle,0.0007377280675469665
9.499949999968521,9.50005799997598,0.00010800000745803118,core 4 cpu_frequency,4.268341734753921e-05
9.50005799997598,9.599930999975186,0.09987299999920651,core 4 cpu_idle,0.0014919028739881469
9.599930999975186,9.59993399999803,3.00002284348011e-06,core 4 cpu_frequency,1.1856594281271097e-06
9.59993399999803,12.660029999969993,3.0600959999719635,core 4 cpu_idle,0.04571171404758119
12.660029999969993,12.660088999953587,5.8999983593821526e-05,core 4 cpu_frequency,2.3317784716002637e-05
12.660088999953587,12.780268999980763,0.12018000002717599,core 4 cpu_idle,0.001795248840405955
12.780268999980763,12.93471999996109,0.15445099998032674,core 4 cpu_frequency,0.061041629969024784
12.93471999996109,19.619997999980114,6.685278000019025,core 4 cpu_idle,0.0998646827642842
19.619997999980114,19.62621499999659,0.006217000016476959,core 4 cpu_frequency,0.0024570628521119707
19.62621499999659,19.693919999990612,0.06770499999402091,core 4 cpu_idle,0.0010113772899106844
19.693919999990612,19.71119499998167,0.017274999991059303,core 4 cpu_frequency,0.0068273702164664855
19.71119499998167,24.670122999988962,4.95892800000729,core 4 cpu_idle,0.0740764664641089
24.670122999988962,24.74194399995031,0.07182099996134639,core 4 cpu_frequency,0.028384865777523437
24.74194399995031,24.761602999991737,0.019659000041428953,core 4 cpu_idle,0.0002936661426188657
24.761602999991737,24.76163699995959,3.3999967854470015e-05,core 4 cpu_frequency,1.3437358495546502e-05
24.76163699995959,29.85017799999332,5.088541000033729,core 4 cpu_idle,0.07601262545850385
29.85017799999332,29.871116999944206,0.020938999950885773,core 4 cpu_frequency,0.00827544455578923
29.871116999944206,29.871178999950644,6.200000643730164e-05,core 4 cpu_idle,9.261560961604118e-07
29.871178999950644,29.93132799997693,0.06014900002628565,core 4 cpu_frequency,0.023771895313588524
29.93132799997693,29.931343999982346,1.6000005416572094e-05,core 4 cpu_idle,2.3900808091275396e-07
29.931343999982346,29.931358999980148,1.4999997802078724e-05,core 4 cpu_frequency,5.928251131344585e-06
29.931358999980148,34.719673999992665,4.788315000012517,core 4 cpu_idle,0.07152784947018698
34.719673999992665,34.75547499995446,0.03580099996179342,core 4 cpu_frequency,0.014149156641700116
34.75547499995446,34.85182799998438,0.09635300002992153,core 4 cpu_idle,0.0014393211144469679
34.85182799998438,34.851830999949016,2.9999646358191967e-06,core 4 cpu_frequency,1.185636423481628e-06
34.851830999949016,39.75000199995702,4.898171000008006,core 4 cpu_idle,0.07316887839811959
39.75000199995702,39.751110999961384,0.001109000004362315,core 4 cpu_frequency,0.00043829543292406005
39.751110999961384,39.95138499996392,0.20027400000253692,core 4 cpu_idle,0.0029916930120378964
39.95138499996392,39.951408999972045,2.400000812485814e-05,core 4 cpu_frequency,9.485206411080432e-06
39.951408999972045,54.809970999951474,14.858561999979429,core 4 cpu_idle,0.2219571991556927
54.809970999951474,54.812685999961104,0.0027150000096298754,core 4 cpu_frequency,0.0010730136158058883
54.812685999961104,54.95162899995921,0.13894299999810755,core 4 cpu_idle,0.0020755305339717305
54.95162899995921,56.74990999995498,1.798280999995768,core 4 cpu_frequency,0.7107108623191273
56.74990999995498,56.760130999959074,0.010221000004094094,core 4 cpu_idle,0.00015268129806115757
56.760130999959074,56.76976199995261,0.009630999993532896,core 4 cpu_frequency,0.003806332998244091
56.76976199995261,56.881203999975696,0.11144200002308935,core 4 cpu_idle,0.0016647205963449087
56.881203999975696,56.881211999978404,8.000002708286047e-06,core 4 cpu_frequency,3.1617354703601443e-06
56.881211999978404,59.83997799997451,2.9587659999961033,core 4 cpu_idle,0.04419804650794179
59.83997799997451,59.85989999998128,0.019922000006772578,core 4 cpu_frequency,0.007873509092276635
59.85989999998128,59.86619399994379,0.0062939999625086784,core 4 cpu_frequency,0.0024874945243827996
59.86619399994379,59.88585999998031,0.019666000036522746,core 4 cpu_idle,0.00029377070854557676
59.88585999998031,59.88664099999005,0.0007810000097379088,core 4 cpu_frequency,0.0003086643246485851
59.88664099999005,59.960786999959964,0.07414599996991456,core 4 cpu_idle,0.0011075929475505837
59.960786999959964,59.99863299995195,0.0378459999919869,core 4 cpu_frequency,0.014957375009633086
59.99863299995195,60.016029999998864,0.01739700004691258,core 4 cpu_idle,0.00025987638670078015
60.016029999998864,60.0162109999801,0.00018099998123943806,core 4 cpu_frequency,7.153423338551073e-05
60.0162109999801,61.06994699995266,1.0537359999725595,core 4 cpu_idle,0.015740708367590093
61.06994699995266,61.085305999964476,0.015359000011812896,core 4 cpu_frequency,0.006070134835868653
61.085305999964476,61.12997799995355,0.04467199998907745,core 4 cpu_idle,0.000667310335836839
61.12997799995355,61.14079699997092,0.010819000017363578,core 4 cpu_frequency,0.004275850566062377
61.14079699997092,61.14981699996861,0.00901999999769032,core 4 cpu_idle,0.000134740759965498
61.14981699996861,61.15312699996866,0.0033100000000558794,core 4 cpu_frequency,0.0013081676080220841
61.15312699996866,61.20096199994441,0.04783499997574836,core 4 cpu_idle,0.000714559229637729
61.20096199994441,61.200966999982484,5.00003807246685e-06,core 4 cpu_frequency,1.9760990468785165e-06
61.200966999982484,61.590102999995,0.38913600001251325,core 4 cpu_idle,0.005812913568186923
61.590102999995,61.609883999975864,0.01978099998086691,core 4 cpu_frequency,0.00781778351323828
61.609883999975864,61.63008199998876,0.020198000012896955,core 4 cpu_frequency,0.007982588931497092
61.63008199998876,61.64049099996919,0.010408999980427325,core 4 cpu_frequency,0.004113811663464549
61.64049099996919,61.69030999997631,0.04981900000711903,core 4 cpu_idle,0.0007441962221063441
61.69030999997631,61.7101299999631,0.019819999986793846,core 4 cpu_frequency,0.007833196970780705
61.7101299999631,61.73002899996936,0.019899000006262213,core 4 cpu_frequency,0.00786441910567493
61.73002899996936,61.732570999942254,0.0025419999728910625,core 4 cpu_frequency,0.0010046410948860922
61.732570999942254,61.75003099994501,0.017460000002756715,core 4 cpu_idle,0.0002608174800411798
61.75003099994501,61.767025999957696,0.016995000012684613,core 4 cpu_frequency,0.006716709521013171
61.767025999957696,61.769817999971565,0.0027920000138692558,core 4 cpu_idle,4.170689620717894e-05
61.769817999971565,61.78311499999836,0.013297000026796013,core 4 cpu_frequency,0.005255197800190233
61.78311499999836,61.925248999963515,0.14213399996515363,core 4 cpu_idle,0.002123197691479465
61.925248999963515,61.92525099997874,2.00001522898674e-06,core 4 cpu_frequency,7.904396187514065e-07
61.92525099997874,61.97996399999829,0.0547130000195466,core 4 cpu_idle,0.0008173027942919871
61.97996399999829,61.981022999971174,0.001058999972883612,core 4 cpu_frequency,0.0004185345804831478
61.981022999971174,62.019938999961596,0.03891599999042228,core 4 cpu_idle,0.000581327207856928
62.019938999961596,62.020086999982595,0.0001480000209994614,core 4 cpu_frequency,5.849209469933993e-05
62.020086999982595,62.03987599996617,0.019788999983575195,core 4 cpu_idle,0.0002956080817546463
62.03987599996617,62.04000899998937,0.0001330000231973827,core 4 cpu_frequency,5.256384356799534e-05
62.04000899998937,62.281154999975115,0.24114599998574704,core 4 cpu_idle,0.003602238947787089
62.281154999975115,62.2811689999653,1.3999990187585354e-05,core 4 cpu_frequency,5.533031321968882e-06
62.2811689999653,62.381321999942884,0.1001529999775812,core 4 cpu_idle,0.001496085513665108
62.381321999942884,62.381482999946456,0.0001610000035725534,core 4 cpu_frequency,6.362990621193311e-05
62.381482999946456,62.40982899995288,0.0283460000064224,core 4 cpu_idle,0.00042343254809593784
62.40982899995288,62.42968699999619,0.01985800004331395,core 4 cpu_frequency,0.007848215231518399
62.42968699999619,62.43007999996189,0.00039299996569752693,core 4 cpu_idle,5.870633487589657e-06
62.43007999996189,62.44968899997184,0.01960900000995025,core 4 cpu_frequency,0.007749806235132504
62.44968899997184,62.450014999951236,0.00032599997939541936,core 4 cpu_idle,4.869787692208774e-06
62.450014999951236,62.489688999950886,0.03967399999964982,core 4 cpu_frequency,0.0156798313230616
62.489688999950886,62.49002699996345,0.0003380000125616789,core 4 cpu_idle,5.0490441876463596e-06
62.49002699996345,62.50968699995428,0.019659999990835786,core 4 cpu_frequency,0.007769962284378147
62.50968699995428,62.51000399998156,0.00031700002728030086,core 4 cpu_idle,4.735346407513134e-06
62.51000399998156,62.57883999997284,0.0688359999912791,core 4 cpu_frequency,0.027205143641353347
62.57883999997284,62.93071499996586,0.3518749999930151,core 4 cpu_idle,0.005256308749895659
62.93071499996586,62.93111399997724,0.00039900001138448715,core 4 cpu_frequency,0.00015769150769934055
62.93111399997724,62.98006599996006,0.04895199998281896,core 4 cpu_idle,0.0007312449757433497
62.98006599996006,62.98008399998071,1.8000020645558834e-05,core 4 cpu_frequency,7.113910559471695e-06
62.98008399998071,63.00007199996617,0.019987999985460192,core 4 cpu_idle,0.00029858074378280434
63.00007199996617,63.0197019999614,0.01962999999523163,core 4 cpu_frequency,0.007758105782115458
63.0197019999614,63.020111999998335,0.0004100000369362533,core 4 cpu_idle,6.124580551753752e-06
63.020111999998335,63.039680999994744,0.01956899999640882,core 4 cpu_frequency,0.007733997557780704
63.039680999994744,63.040005999966525,0.000324999971780926,core 4 cpu_idle,4.8548495784634724e-06
63.040005999966525,63.09967499994673,0.05966899998020381,core 4 cpu_frequency,0.02358219123137621
63.09967499994673,63.100019999954384,0.00034500000765547156,core 4 cpu_idle,5.1536101143574345e-06
63.100019999954384,63.152268999954686,0.05224900000030175,core 4 cpu_frequency,0.020649682583319253
63.152268999954686,63.159973999951035,0.0077049999963492155,core 4 cpu_idle,0.00011509728994546458
63.159973999951035,63.161990999942645,0.0020169999916106462,core 4 cpu_frequency,0.0007971522822843863
63.161990999942645,63.240028999978676,0.07803800003603101,core 4 cpu_idle,0.001165731644538231
63.240028999978676,63.24003299995093,3.999972250312567e-06,core 4 cpu_frequency,1.5808562328573314e-06
63.24003299995093,63.26006199995754,0.020029000006616116,core 4 cpu_idle,0.00029919320209883155
63.26006199995754,63.339943999948446,0.07988199999090284,core 4 cpu_frequency,0.031570708414004646
63.339943999948446,63.34026999998605,0.00032600003760308027,core 4 cpu_idle,4.8697885617148135e-06
63.34026999998605,63.400164999999106,0.05989500001305714,core 4 cpu_frequency,0.023671510241160397
63.400164999999106,63.40050099999644,0.00033599999733269215,core 4 cpu_idle,5.019167960155755e-06
63.40050099999644,63.46008900000015,0.059588000003714114,core 4 cpu_frequency,0.023550178679867875
63.46008900000015,63.46009399998002,4.999979864805937e-06,core 4 cpu_idle,7.468969922047108e-08
63.46009399998002,63.460101999982726,8.000002708286047e-06,core 4 cpu_frequency,3.1617354703601443e-06
63.460101999982726,63.5199689999572,0.05986699997447431,core 4 cpu_idle,0.0008942932456186973
63.5199689999572,63.56116399995517,0.04119499999796972,core 4 cpu_frequency,0.016280956075197594
63.56116399995517,63.56117399997311,1.0000017937272787e-05,core 4 cpu_idle,1.493802679469809e-07
63.56117399997311,63.56118699995568,1.2999982573091984e-05,core 4 cpu_frequency,5.137811512593179e-06
63.56118699995568,63.620247999962885,0.05906100000720471,core 4 cpu_idle,0.0008822532181076239
63.620247999962885,63.679705999966245,0.05945800000336021,core 4 cpu_frequency,0.023498800495728007
63.679705999966245,63.68004199996358,0.00033599999733269215,core 4 cpu_idle,5.019167960155755e-06
63.68004199996358,63.72733599995263,0.04729399998905137,core 4 cpu_frequency,0.018691383334872913
63.72733599995263,63.73996699997224,0.012631000019609928,core 4 cpu_idle,0.0001886818782929331
63.73996699997224,63.73997599998256,9.000010322779417e-06,core 4 cpu_frequency,3.5569552797358477e-06
63.73997599998256,63.80026199994609,0.06028599996352568,core 4 cpu_idle,0.0009005522674551467
63.80026199994609,63.80026899999939,7.00005330145359e-06,core 4 cpu_frequency,2.766538665629923e-06
63.80026899999939,63.82036099996185,0.02009199996246025,core 4 cpu_idle,0.0003001342954392312
63.82036099996185,63.82224699994549,0.0018859999836422503,core 4 cpu_frequency,0.0007453788783351423
63.82224699994549,63.90051199996378,0.07826500001829118,core 4 cpu_idle,0.0011691225702732337
63.90051199996378,63.95999899995513,0.059486999991349876,core 4 cpu_frequency,0.023510261778181323
63.95999899995513,63.96032299997751,0.00032400002237409353,core 4 cpu_idle,4.839912334224209e-06
63.96032299997751,63.999829999986105,0.03950700000859797,core 4 cpu_frequency,0.01561383012099806
63.999829999986105,64.00017699995078,0.0003469999646767974,core 4 cpu_idle,5.183485472341999e-06
64.00017699995078,64.0402339999564,0.04005700000561774,core 4 cpu_frequency,0.015831199359820223
64.0402339999564,64.04024699999718,1.3000040780752897e-05,core 4 cpu_idle,1.9419460918288679e-07
64.04024699999718,64.04024999996182,2.9999646358191967e-06,core 4 cpu_frequency,1.185636423481628e-06
64.04024999996182,64.0803419999429,0.0400919999810867,core 4 cpu_idle,0.0005988942957174732
64.0803419999429,64.1997009999468,0.11935900000389665,core 4 cpu_frequency,0.04717268203274001
64.1997009999468,64.20003999996698,0.00033900002017617226,core 4 cpu_idle,5.0639823013916615e-06
64.20003999996698,64.2599329999648,0.059892999997828156,core 4 cpu_frequency,0.023670719801541645
64.2599329999648,64.25993799994467,4.999979864805937e-06,core 4 cpu_idle,7.468969922047108e-08
64.25993799994467,64.25994599994738,8.000002708286047e-06,core 4 cpu_frequency,3.1617354703601443e-06
64.25994599994738,64.30037699994864,0.04043100000126287,core 4 cpu_idle,0.0006039582780188648
64.30037699994864,64.30038699996658,1.0000017937272787e-05,core 4 cpu_frequency,3.952175089111551e-06
64.30038699996658,64.32012199994642,0.01973499997984618,core 4 cpu_idle,0.00029480142969894225
64.32012199994642,64.33974299998954,0.01962100004311651,core 4 cpu_frequency,0.007754548849840367
64.33974299998954,64.34015599999111,0.0004130000015720725,core 4 cpu_idle,6.169394023483619e-06
64.34015599999111,64.39969699998619,0.05954099999507889,core 4 cpu_frequency,0.02353160348685509
64.39969699998619,64.40002299996559,0.00032599997939541936,core 4 cpu_idle,4.869787692208774e-06
64.40002299996559,64.45970499998657,0.05968200002098456,core 4 cpu_frequency,0.023587329065893448
64.45970499998657,64.460047999979,0.0003429999924264848,core 4 cpu_idle,5.12373388686683e-06
64.460047999979,64.52015099994605,0.06010299996705726,core 4 cpu_frequency,0.02375371531738047
64.52015099994605,64.52015599998413,5.00003807246685e-06,core 4 cpu_idle,7.46905687265098e-08
64.52015599998413,64.52017299999716,1.7000013031065464e-05,core 4 cpu_frequency,6.718690750095992e-06
64.52017299999716,64.5401749999728,0.020001999975647777,core 4 cpu_idle,0.0002987898756362265
64.5401749999728,64.57967699994333,0.0395019999705255,core 4 cpu_frequency,0.01561185402195118
64.57967699994333,64.57999499997823,0.0003180000348947942,core 4 cpu_idle,4.750284521258436e-06
64.57999499997823,64.59988899994642,0.019893999968189746,core 4 cpu_frequency,0.007862443006628052
64.59988899994642,64.5999319999828,4.3000036384910345e-05,core 4 cpu_idle,6.423345435177907e-07
64.5999319999828,64.66015199996764,0.06021999998483807,core 4 cpu_frequency,0.023799955690007746
64.66015199996764,64.6601569999475,4.999979864805937e-06,core 4 cpu_idle,7.468969922047108e-08
64.6601569999475,64.66016699996544,1.0000017937272787e-05,core 4 cpu_frequency,3.952175089111551e-06
64.66016699996544,64.67995699995663,0.01978999999118969,core 4 cpu_idle,0.00029562301986839156
64.67995699995663,64.69962399994256,0.01966699998592958,core 4 cpu_frequency,0.007772728800039132
64.69962399994256,64.69996599998558,0.00034200004301965237,core 4 cpu_idle,5.108796642627567e-06
64.69996599998558,64.70007599995006,0.000109999964479357,core 4 cpu_frequency,4.347383396164513e-05
64.70007599995006,64.72011799999746,0.02004200004739687,core 4 cpu_idle,0.00029938739670801445
64.72011799999746,64.7337819999666,0.013663999969139695,core 4 cpu_frequency,0.005400242343003488
64.7337819999666,65.02127599995583,0.28749399998923764,core 4 cpu_idle,0.004294585371839231
65.02127599995583,65.02129299996886,1.7000013031065464e-05,core 4 cpu_frequency,6.718690750095992e-06
65.02129299996886,69.88992399995914,4.868630999990273,core 4 cpu_idle,0.0727276098778547
69.88992399995914,69.89580199995544,0.005877999996300787,core 4 cpu_frequency,0.0023230843489380083
69.89580199995544,69.95061099994928,0.05480899999383837,core 4 cpu_idle,0.0008187368419079576
69.95061099994928,69.9550000000163,0.004389000067021698,core 4 cpu_frequency,6.556288300117011e-05
0.0,5.2847709999768995,5.2847709999768995,core 5 cpu_idle start,0.07894390919765493
5.2847709999768995,5.313246999983676,0.028476000006776303,core 5 cpu_idle,0.00042537448810122443
5.313246999983676,5.32296999997925,0.009722999995574355,core 5 cpu_frequency,0.00384269294465091
5.32296999997925,5.563322999980301,0.24035300000105053,core 5 cpu_idle,0.0035903931140156926
5.563322999980301,5.564615999988746,0.001293000008445233,core 5 cpu_frequency,0.0005110153257376979
5.564615999988746,5.590106999967247,0.02549099997850135,core 5 cpu_idle,0.00038078455767885313
5.590106999967247,5.600383999990299,0.010277000023052096,core 5 cpu_frequency,0.004061643062710575
5.600383999990299,5.674550999945495,0.07416699995519593,core 5 cpu_frequency,0.029312044387892675
5.674550999945495,5.689870999951381,0.015320000005885959,core 5 cpu_idle,0.00022885016008792445
5.689870999951381,5.695400999975391,0.005530000024009496,core 5 cpu_frequency,0.0021855489134889558
5.695400999975391,5.698745999950916,0.0033449999755248427,core 5 cpu_idle,4.99676096343901e-05
5.698745999950916,5.6988949999795295,0.00014900002861395478,core 5 cpu_frequency,5.8887314508715634e-05
5.6988949999795295,5.708893999981228,0.009999000001698732,core 5 cpu_idle,0.00014936506202537566
5.708893999981228,5.708902999991551,9.000010322779417e-06,core 5 cpu_frequency,3.5569552797358477e-06
5.708902999991551,5.7190719999489374,0.010168999957386404,core 5 cpu_idle,0.00015190452136343811
5.7190719999489374,5.719415999948978,0.0003440000000409782,core 5 cpu_frequency,0.00013595457921619525
5.719415999948978,5.729305999993812,0.009890000044833869,core 5 cpu_idle,0.00014773682066972834
5.729305999993812,5.729408999963198,0.00010299996938556433,core 5 cpu_frequency,4.070731830066069e-05
5.729408999963198,5.829889999993611,0.10048100003041327,core 5 cpu_idle,0.0015009851784543134
5.829889999993611,5.84988599998178,0.019995999988168478,core 5 cpu_frequency,0.007902755128123983
5.84988599998178,5.889403999957722,0.039517999975942075,core 5 cpu_frequency,0.015618177492891901
5.889403999957722,5.930981999961659,0.04157800000393763,core 5 cpu_idle,0.0006210921640588203
5.930981999961659,5.939706999983173,0.008725000021513551,core 5 cpu_frequency,0.0034482665885025164
5.939706999983173,5.9998539999942295,0.06014700001105666,core 5 cpu_idle,0.0008984758861651644
5.9998539999942295,6.012656999984756,0.012802999990526587,core 5 cpu_frequency,0.005059960686655947
6.012656999984756,6.022492999967653,0.009835999982897192,core 5 cpu_frequency,0.0038873524380406825
6.022492999967653,6.059839999943506,0.03734699997585267,core 5 cpu_idle,0.0005578894856392871
6.059839999943506,6.094608999963384,0.03476900001987815,core 5 cpu_frequency,0.013741292927056175
6.094608999963384,6.104453999956604,0.009844999993219972,core 5 cpu_frequency,0.003890909393320418
6.104453999956604,6.139883999945596,0.03542999998899177,core 5 cpu_idle,0.000529253339835559
6.139883999945596,6.561026999959722,0.4211430000141263,core 5 cpu_frequency,0.1664427888079829
6.561026999959722,6.570832999947015,0.009805999987293035,core 5 cpu_frequency,0.003875495935777993
6.570832999947015,6.649976999964565,0.07914400001754984,core 5 cpu_idle,0.0011822530722621594
6.649976999964565,8.079964999982622,1.4299880000180565,core 5 cpu_frequency,0.5651552814055362
8.079964999982622,8.129967999993823,0.05000300001120195,core 5 cpu_frequency,0.019762025654827195
8.129967999993823,8.500022999942303,0.37005499994847924,core 5 cpu_frequency,0.1462519529036381
8.500022999942303,8.520163999986835,0.02014100004453212,core 5 cpu_frequency,0.007960061586399841
8.520163999986835,8.521669999987353,0.0015060000005178154,core 5 cpu_frequency,0.0005951965010046492
8.521669999987353,8.60003799997503,0.07836799998767674,core 5 cpu_idle,0.001170661183815915
8.60003799997503,8.659437999944203,0.05939999996917322,core 5 cpu_frequency,0.023475877907816734
8.659437999944203,8.660436999984086,0.000999000039882958,core 5 cpu_idle,1.4923062595771625e-05
8.660436999984086,9.354372999980114,0.6939359999960288,core 5 cpu_frequency,0.27425516532323047
9.354372999980114,9.370164999971166,0.015791999991051853,core 5 cpu_idle,0.00023590089586633258
9.370164999971166,9.371537999948487,0.0013729999773204327,core 5 cpu_frequency,0.0005426326574366539
9.371537999948487,9.45041599997785,0.07887800002936274,core 5 cpu_idle,0.0011782795644386206
9.45041599997785,9.483509999990929,0.033094000013079494,core 5 cpu_frequency,0.013079304784369233
9.483509999990929,9.499991999997292,0.016482000006362796,core 5 cpu_idle,0.00024620811609504746
9.499991999997292,9.504071999981534,0.004079999984242022,core 5 cpu_frequency,0.001612484537772182
9.504071999981534,9.599978999991436,0.09590700000990182,core 5 cpu_idle,0.0014326587661479134
9.599978999991436,10.109443999943323,0.5094649999518879,core 5 cpu_frequency,0.20134912699298524
10.109443999943323,12.660081999958493,2.5506380000151694,core 5 cpu_idle,0.0381014304442266
12.660081999958493,12.671056999999564,0.010975000041071326,core 5 cpu_frequency,0.004337504396232077
12.671056999999564,12.780481999972835,0.10942499997327104,core 5 cpu_idle,0.0016345906496007228
12.780481999972835,14.119574999960605,1.3390929999877699,core 5 cpu_frequency,0.5292320503575664
14.119574999960605,19.62004099995829,5.500465999997687,core 5 cpu_idle,0.08216596110796544
19.62004099995829,19.621877999976277,0.0018370000179857016,core 5 cpu_frequency,0.0007260132687082512
19.621877999976277,19.69395699998131,0.07207900000503287,core 5 cpu_idle,0.001076716102075181
19.69395699998131,19.714449999970384,0.020492999989073724,core 5 cpu_frequency,0.00809917787808175
19.714449999970384,24.670155999949202,4.955705999978818,core 5 cpu_idle,0.07402833622768358
24.670155999949202,24.761653999972623,0.0914980000234209,core 5 cpu_frequency,0.03616154677565633
24.761653999972623,24.891296999994665,0.12964300002204254,core 5 cpu_frequency,0.051237091611111577
24.891296999994665,29.850221999979112,4.958924999984447,core 5 cpu_idle,0.07407642164976767
29.850221999979112,29.86850099998992,0.018279000010807067,core 5 cpu_frequency,0.007224167891471133
29.86850099998992,29.871222999994643,0.002722000004723668,core 5 cpu_idle,4.0661236070562156e-05
29.871222999994643,29.874981999979354,0.0037589999847114086,core 5 cpu_frequency,0.0014856199451576916
29.874981999979354,29.931388999975752,0.056406999996397644,core 5 cpu_idle,0.000842607765946188
29.931388999975752,29.970675999997184,0.039287000021431595,core 5 cpu_frequency,0.015526882430070124
29.970675999997184,34.71971299999859,4.749037000001408,core 5 cpu_idle,0.07094111470602103
34.71971299999859,34.77041299996199,0.05069999996339902,core 5 cpu_frequency,0.020037491745534677
34.77041299996199,34.85187199997017,0.08145900000818074,core 5 cpu_idle,0.0012168345421222039
34.85187199997017,34.911138999974355,0.0592670000041835,core 5 cpu_frequency,0.023423314087253386
34.911138999974355,39.75003599998308,4.838897000008728,core 5 cpu_idle,0.07228344338613038
39.75003599998308,39.75131599995075,0.0012799999676644802,core 5 cpu_frequency,0.0005058774912204592
39.75131599995075,39.95143099996494,0.20011500001419336,core 5 cpu_idle,0.0029893178702120205
39.95143099996494,40.450777999998536,0.49934700003359467,core 5 cpu_frequency,0.19735032344287715
40.450777999998536,54.81000099994708,14.359222999948543,core 5 cpu_idle,0.21449807317323133
54.81000099994708,54.81204099999741,0.002040000050328672,core 5 cpu_frequency,0.0008062422918907365
54.81204099999741,54.95166999998037,0.13962899998296052,core 5 cpu_idle,0.0020857780017454644
54.95166999998037,55.01040799997281,0.05873799999244511,core 5 cpu_frequency,0.023214244395414176
55.01040799997281,56.76017599995248,1.7497679999796674,core 5 cpu_idle,0.02613803438369627
56.76017599995248,56.76142399996752,0.001248000015038997,core 5 cpu_frequency,0.0004932305723436641
56.76142399996752,56.88125099998433,0.11982700001681224,core 5 cpu_idle,0.0017899757262511411
56.88125099998433,58.67898799997056,1.7977369999862276,core 5 cpu_frequency,0.7104958643761567
58.67898799997056,59.840016999980435,1.1610290000098757,core 5 cpu_idle,0.017343451202147524
59.840016999980435,59.8428829999757,0.002865999995265156,core 5 cpu_frequency,0.0011326913469287098
59.8428829999757,59.859929999976885,0.017047000001184642,core 5 cpu_idle,0.00025464808601769617
59.859929999976885,59.88589099998353,0.025961000006645918,core 5 cpu_frequency,0.010260223347426576
59.88589099998353,59.89052499999525,0.004634000011719763,core 5 cpu_frequency,0.001831434655831847
59.89052499999525,59.96083199995337,0.07030699995812029,core 5 cpu_idle,0.0010502459653744009
59.96083199995337,60.01608899998246,0.05525700002908707,core 5 cpu_frequency,0.021838494729095694
60.01608899998246,60.19262099999469,0.17653200001223013,core 5 cpu_frequency,0.06976841214243354
60.19262099999469,61.06997999997111,0.8773589999764226,core 5 cpu_idle,0.013105988741647801
61.06997999997111,61.13000899995677,0.06002899998566136,core 5 cpu_frequency,0.023724469281533125
61.13000899995677,61.140224999981,0.010216000024229288,core 5 cpu_frequency,0.004037534838375821
61.140224999981,61.15009299997473,0.009867999993730336,core 5 cpu_idle,0.00014740818390634376
61.15009299997473,61.160425999958534,0.010332999983802438,core 5 cpu_frequency,0.0040837751879984506
61.160425999958534,61.20099499996286,0.04056900000432506,core 5 cpu_idle,0.0006060197220646078
61.20099499996286,61.4996219999739,0.29862700001103804,core 5 cpu_frequency,0.11802240733796239
61.4996219999739,61.59013899997808,0.0905170000041835,core 5 cpu_idle,0.001352142946062493
61.59013899997808,61.609923999989405,0.019785000011324883,core 5 cpu_frequency,0.007819364392475782
61.609923999989405,61.63011999998707,0.02019599999766797,core 5 cpu_frequency,0.00798179849187834
61.63011999998707,61.690340999979526,0.06022099999245256,core 5 cpu_frequency,0.023800350909817122
61.690340999979526,61.710161999973934,0.01982099999440834,core 5 cpu_frequency,0.00783359219059008
61.710161999973934,61.73005999997258,0.01989799999864772,core 5 cpu_frequency,0.007864023885865554
61.73005999997258,61.75006599997869,0.02000600000610575,core 5 cpu_frequency,0.007906707303213094
61.75006599997869,61.76984799996717,0.019781999988481402,core 5 cpu_frequency,0.007818178733047656
61.76984799996717,61.77880799997365,0.008960000006482005,core 5 cpu_frequency,0.0035411425305617965
61.77880799997365,61.92528399999719,0.1464760000235401,core 5 cpu_idle,0.002188058488351642
61.92528399999719,61.9491449999623,0.02386099996510893,core 5 cpu_frequency,0.009430268051010462
61.9491449999623,61.979995999950916,0.030850999988615513,core 5 cpu_idle,0.0004608522378299385
61.979995999950916,61.998387999949045,0.018391999998129904,core 5 cpu_frequency,0.007268827384860906
61.998387999949045,62.01998299994739,0.021594999998342246,core 5 cpu_idle,0.00032258610997523647
62.01998299994739,62.02027899998939,0.0002960000419989228,core 5 cpu_frequency,0.00011698418939867986
62.02027899998939,62.03990899998462,0.01962999999523163,core 5 cpu_idle,0.00029323293992877006
62.03990899998462,62.04094899998745,0.0010400000028312206,core 5 cpu_frequency,0.00041102547311894585
62.04094899998745,62.28119799995329,0.2402489999658428,core 5 cpu_idle,0.00358883956148976
62.28119799995329,62.38135399995372,0.10015600000042468,core 5 cpu_frequency,0.039583333820967834
62.38135399995372,62.39015199994901,0.008797999995294958,core 5 cpu_frequency,0.003477117404540488
62.39015199994901,62.40986099996371,0.019709000014699996,core 5 cpu_idle,0.00029441304221958854
62.40986099996371,62.41007799998624,0.00021700002253055573,core 5 cpu_frequency,8.576205450445411e-05
62.41007799998624,62.43011399998795,0.020036000001709908,core 5 cpu_idle,0.0002992977680255426
62.43011399998795,62.450047999969684,0.019933999981731176,core 5 cpu_frequency,0.007878251683979853
62.450047999969684,62.45307699998375,0.003029000014066696,core 5 cpu_frequency,0.0011971116927593944
62.45307699998375,62.49005899997428,0.03698199999053031,core 5 cpu_idle,0.0005524371158585418
62.49005899997428,62.51003700000001,0.01997800002573058,core 5 cpu_frequency,0.007895641240569157
62.51003700000001,62.56139499996789,0.05135799996787682,core 5 cpu_frequency,0.020297544401704375
62.56139499996789,62.930749999999534,0.36935500003164634,core 5 cpu_idle,0.005517424990472733
62.930749999999534,62.931949999998324,0.0011999999987892807,core 5 cpu_frequency,0.00047426015952150327
62.931949999998324,62.98010099999374,0.04815099999541417,core 5 cpu_idle,0.0007192796379314969
62.98010099999374,62.98291399999289,0.002812999999150634,core 5 cpu_frequency,0.001111744858064316
62.98291399999289,63.000104999984615,0.01719099999172613,core 5 cpu_idle,0.0002567991578764049
63.000104999984615,63.020142999943346,0.020037999958731234,core 5 cpu_frequency,0.007919354222089888
63.020142999943346,63.03597099997569,0.01582800003234297,core 5 cpu_frequency,0.006255491523182484
63.03597099997569,63.04004099994199,0.004069999966304749,core 5 cpu_idle,6.079765949666035e-05
63.04004099994199,63.04063499998301,0.0005940000410191715,core 5 cpu_frequency,0.00023475879541146565
63.04063499998301,63.100053999980446,0.059418999997433275,core 5 cpu_idle,0.0008876010219616582
63.100053999980446,63.10194899997441,0.0018949999939650297,core 5 cpu_frequency,0.0007489358336148782
63.10194899997441,63.16004899999825,0.05810000002384186,core 5 cpu_idle,0.0008678978003561497
63.16004899999825,63.17082199995639,0.010772999958135188,core 5 cpu_frequency,0.004257670569854322
63.17082199995639,63.240063999954145,0.06924199999775738,core 5 cpu_idle,0.0010343369959664997
63.240063999954145,63.24089499999536,0.0008310000412166119,core 5 cpu_frequency,0.0003284251770894974
63.24089499999536,63.260093999968376,0.019198999973013997,core 5 cpu_idle,0.00028679466159688306
63.260093999968376,63.27506799995899,0.014973999990615994,core 5 cpu_frequency,0.0059179763594912815
63.27506799995899,63.34030499996152,0.06523700000252575,core 5 cpu_idle,0.0009745103060377296
63.34030499996152,63.34295799996471,0.002653000003192574,core 5 cpu_frequency,0.0010485101716617585
63.34295799996471,63.40053699997952,0.057579000014811754,core 5 cpu_idle,0.000860115102221258
63.40053699997952,63.40080899995519,0.00027199997566640377,core 5 cpu_frequency,0.00010749895998295395
63.40080899995519,63.46013199997833,0.0593230000231415,core 5 cpu_idle,0.0008861669743456878
63.46013199997833,63.46022399998037,9.200000204145908e-05,core 5 cpu_frequency,3.6359946406818916e-05
63.46022399998037,63.52000499999849,0.05978100001811981,core 5 cpu_idle,0.0008930085782706738
63.52000499999849,63.52134799998021,0.0013429999817162752,core 5 cpu_frequency,0.0005307761551739647
63.52134799998021,63.561212999979034,0.039864999998826534,core 5 cpu_idle,0.0005955033699824707
63.561212999979034,63.5652129999944,0.0040000000153668225,core 5 cpu_frequency,0.001580867206073226
63.5652129999944,63.62028899998404,0.05507599998963997,core 5 cpu_idle,0.0008227252878452418
63.62028899998404,63.62985699996352,0.009567999979481101,core 5 cpu_frequency,0.003781434334290586
63.62985699996352,63.680078999954276,0.05022199999075383,core 5 cpu_idle,0.0007502162358618806
63.680078999954276,63.687959999952,0.007880999997723848,core 5 cpu_frequency,0.0031147035999004257
63.687959999952,63.740005999978166,0.05204600002616644,core 5 cpu_idle,0.0007774631483908743
63.740005999978166,63.755361999967135,0.015355999988969415,core 5 cpu_frequency,0.006068949176440527
63.755361999967135,63.800300999952015,0.04493899998487905,core 5 cpu_idle,0.0006712987817741232
63.800300999952015,63.820399999967776,0.020099000015761703,core 5 cpu_frequency,0.007943462469429289
63.820399999967776,63.83158899995033,0.01118899998255074,core 5 cpu_frequency,0.004422080768303758
63.83158899995033,63.90055399999255,0.06896500004222617,core 5 cpu_idle,0.0010301991706307744
63.90055399999255,63.90140799997607,0.0008539999835193157,core 5 cpu_frequency,0.0003375151406865566
63.90140799997607,63.96036099997582,0.05895299999974668,core 5 cpu_idle,0.0008806399139962159
63.96036099997582,63.96331999998074,0.0029590000049211085,core 5 cpu_frequency,0.0011694465131449046
63.96331999998074,64.00021299999207,0.03689300001133233,core 5 cpu_idle,0.0005511076341692824
64.00021299999207,64.002771999978,0.002558999985922128,core 5 cpu_frequency,0.0010113597856361884
64.002771999978,64.0402859999449,0.03751399996690452,core 5 cpu_idle,0.0005603841315056197
64.0402859999449,64.04038299998501,9.700004011392593e-05,core 5 cpu_frequency,3.833604545369743e-05
64.04038299998501,64.08038299996406,0.03999999997904524,core 5 cpu_idle,0.0005975199996869779
64.08038299996406,64.08363399998052,0.003251000016462058,core 5 cpu_frequency,0.0012848498233060815
64.08363399998052,64.20007699995767,0.1164429999771528,core 5 cpu_idle,0.0017394255336587083
64.20007699995767,64.20171599998139,0.001639000023715198,core 5 cpu_frequency,0.0006477603445726446
64.20171599998139,64.25997599994298,0.05825999996159226,core 5 cpu_idle,0.0008702878794262652
64.25997599994298,64.26158199994825,0.0016060000052675605,core 5 cpu_frequency,0.0006347181828818283
64.26158199994825,64.30042299994966,0.038841000001411885,core 5 cpu_idle,0.0005802068580210907
64.30042299994966,64.30058799998369,0.00016500003403052688,core 5 cpu_frequency,6.521078544943593e-05
64.30058799998369,64.32015799998771,0.019570000004023314,core 5 cpu_idle,0.00029233666006010025
64.32015799998771,64.3402439999627,0.02008599997498095,core 5 cpu_frequency,0.00793832463491205
64.3402439999627,64.34961199999088,0.009368000028189272,core 5 cpu_frequency,0.003702390993540873
64.34961199999088,64.40005999995628,0.050447999965399504,core 5 cpu_idle,0.0007535922234831378
64.40005999995628,64.40023799997289,0.00017800001660361886,core 5 cpu_frequency,7.03485969620291e-05
64.40023799997289,64.46008599997731,0.05984800000442192,core 5 cpu_idle,0.0008940094240660546
64.46008599997731,64.46066799998516,0.000582000007852912,core 5 cpu_frequency,0.00023001618070360268
64.46066799998516,64.52019499999005,0.059527000004891306,core 5 cpu_idle,0.0008892143260730664
64.52019499999005,64.54021499998635,0.020019999996293336,core 5 cpu_frequency,0.007912240334535062
64.54021499998635,64.55543999996735,0.01522499998100102,core 5 cpu_frequency,0.006017175772491282
64.55543999996735,64.58003099996131,0.024590999993961304,core 5 cpu_idle,0.00036734035790979394
64.58003099996131,64.59854799997993,0.018517000018619,core 5 cpu_frequency,0.00731822949295854
64.59854799997993,64.59997499996098,0.0014269999810494483,core 5 cpu_idle,2.131652571691666e-05
64.59997499996098,64.60123199998634,0.0012570000253617764,core 5 cpu_frequency,0.0004967875276234
64.60123199998634,64.66019199998118,0.05895999999484047,core 5 cpu_idle,0.000880744479922927
64.66019199998118,64.67999099998269,0.019799000001512468,core 5 cpu_frequency,0.007824897423797751
64.67999099998269,64.6999969999888,0.02000600000610575,core 5 cpu_frequency,0.007906707303213094
64.6999969999888,64.7201509999577,0.02015399996889755,core 5 cpu_frequency,0.007965199374907788
64.7201509999577,64.81650399998762,0.09635300002992153,core 5 cpu_frequency,0.03808032434222548
64.81650399998762,65.02132399997208,0.20481999998446554,core 5 cpu_idle,0.003059601159767946
65.02132399997208,65.40523699996993,0.3839129999978468,core 5 cpu_frequency,0.15172886733754898
65.40523699996993,69.88995199999772,4.484715000027791,core 5 cpu_idle,0.06699267267041514
69.88995199999772,69.95064099994488,0.06068899994716048,core 5 cpu_frequency,0.02398531235431693
69.95064099994488,69.9550000000163,0.00435900007141754,core 5 cpu_frequency,6.511474306683522e-05
0.0,5.284975999966264,5.284975999966264,core 6 cpu_idle start,0.07894697148749605
5.284975999966264,5.31325399997877,0.0282780000125058,core 6 cpu_idle,0.00042241676418681165
5.31325399997877,5.3135849999962375,0.0003310000174678862,core 6 cpu_frequency,0.00013081676770360207
5.3135849999962375,5.56332899996778,0.2497439999715425,core 6 cpu_idle,0.003730675871574902
5.56332899996778,5.565113999997266,0.0017850000294856727,core 6 cpu_frequency,0.0007054619996532331
5.565113999997266,5.5901129999547265,0.02499899995746091,core 6 cpu_idle,0.00037343506136455106
5.5901129999547265,5.593258999986574,0.0031460000318475068,core 6 cpu_frequency,0.0012433520653866695
5.593258999986574,5.60041099996306,0.007151999976485968,core 6 cpu_idle,0.00010683657564874738
5.60041099996306,5.6005939999595284,0.0001829999964684248,core 6 cpu_frequency,7.232467300426214e-05
5.6005939999595284,5.689875999989454,0.08928200002992526,core 6 cpu_idle,0.0013336945164470235
5.689875999989454,5.698752999946009,0.008876999956555665,core 6 cpu_frequency,0.003508339516430068
5.698752999946009,5.708899999968708,0.010147000022698194,core 6 cpu_frequency,0.004010264878570707
5.708899999968708,5.719078999944031,0.010178999975323677,core 6 cpu_frequency,0.004022911797447502
5.719078999944031,5.729312999988906,0.010234000044874847,core 6 cpu_frequency,0.004044648748935293
5.729312999988906,5.82989599998109,0.10058299999218434,core 6 cpu_frequency,0.03975209139131111
5.82989599998109,5.849891999969259,0.019995999988168478,core 6 cpu_frequency,0.007902755128123983
5.849891999969259,5.930987999949139,0.08109599997987971,core 6 cpu_frequency,0.03205050160484812
5.930987999949139,5.999859999981709,0.06887200003257021,core 6 cpu_frequency,0.02721937146247229
5.999859999981709,6.012662999972235,0.012802999990526587,core 6 cpu_frequency,0.005059960686655947
6.012662999972235,6.059845999989193,0.04718300001695752,core 6 cpu_frequency,0.018647514281101892
6.059845999989193,6.094614999950863,0.03476899996167049,core 6 cpu_frequency,0.01374129290405153
6.094614999950863,6.139889999991283,0.0452750000404194,core 6 cpu_frequency,0.017893440635974422
6.139889999991283,6.5610329999472015,0.42114299995591864,core 6 cpu_frequency,0.16644278878497828
6.5610329999472015,6.5695599999744445,0.008527000027243048,core 6 cpu_frequency,0.0033700136643669094
6.5695599999744445,6.649985999974888,0.08042600000044331,core 6 cpu_idle,0.001201403588006622
6.649985999974888,6.689409999991767,0.03942400001687929,core 6 cpu_frequency,0.015581027129870976
6.689409999991767,8.0799709999701,1.3905609999783337,core 6 cpu_idle,0.02077220021767635
8.0799709999701,8.130005999992136,0.05003500002203509,core 6 cpu_frequency,0.019774672596708634
8.130005999992136,8.50002899998799,0.37002299999585375,core 6 cpu_frequency,0.14623930598476131
8.50002899998799,8.520169999974314,0.02014099998632446,core 6 cpu_frequency,0.007960061563395194
8.520169999974314,8.600044999970123,0.07987499999580905,core 6 cpu_frequency,0.03156794189834366
8.600044999970123,8.660442999971565,0.06039800000144169,core 6 cpu_frequency,0.023870304286969773
8.660442999971565,9.369548999995459,0.709106000023894,core 6 cpu_frequency,0.2802506041902433
9.369548999995459,9.37017199996626,0.0006229999708011746,core 6 cpu_idle,9.306373563827946e-06
9.37017199996626,9.375321999948937,0.0051499999826774,core 6 cpu_frequency,0.002035366513153817
9.375321999948937,9.450421999965329,0.07510000001639128,core 6 cpu_idle,0.001121843800244853
9.450421999965329,9.483408999978565,0.032987000013235956,core 6 cpu_frequency,0.01303701658683107
9.483408999978565,9.499997999984771,0.016589000006206334,core 6 cpu_idle,0.0002478064820927102
9.499997999984771,9.59998599998653,0.09998800000175834,core 6 cpu_frequency,0.03951693739909492
9.59998599998653,10.477790999982972,0.8778049999964423,core 6 cpu_frequency,0.3469232831225939
10.477790999982972,12.660087999945972,2.1822969999630004,core 6 cpu_idle,0.0325991525854473
12.660087999945972,12.671131999988575,0.01104400004260242,core 6 cpu_frequency,0.004364774356037191
12.671131999988575,12.780487999960314,0.10935599997173995,core 6 cpu_idle,0.0016335599275778513
12.780487999960314,14.119579999998678,1.339092000038363,core 6 cpu_frequency,0.5292316551607616
14.119579999998678,19.62004699994577,5.500466999947093,core 6 cpu_idle,0.08216597604520968
19.62004699994577,19.621489999990445,0.0014430000446736813,core 6 cpu_frequency,0.0005702978600557893
19.621489999990445,19.693963999976404,0.07247399998595938,core 6 cpu_idle,0.0010826166117902613
19.693963999976404,19.71443199994974,0.020467999973334372,core 6 cpu_frequency,0.008089297451861294
19.71443199994974,24.67016199999489,4.9557300000451505,core 6 cpu_idle,0.07402869474067446
24.67016199999489,24.761660999967717,0.09149899997282773,core 6 cpu_frequency,0.03616194197246106
24.761660999967717,24.891732999996748,0.1300720000290312,core 6 cpu_frequency,0.051406639621073606
24.891732999996748,29.85022799996659,4.958494999969844,core 6 cpu_idle,0.07406999830954952
29.85022799996659,29.871228999982122,0.021001000015530735,core 6 cpu_frequency,0.008299948022938005
29.871228999982122,29.931395999970846,0.060166999988723546,core 6 cpu_frequency,0.023779009201143352
29.931395999970846,34.71097599994391,4.779579999973066,core 6 cpu_frequency,1.8889703129333548
34.71097599994391,34.71971899998607,0.00874300004215911,core 6 cpu_idle,0.00013060293462977278
34.71971899998607,34.851878999965265,0.13215999997919425,core 6 cpu_frequency,0.05223185227977721
34.851878999965265,34.911565999966115,0.059687000000849366,core 6 cpu_frequency,0.02358930514193568
34.911565999966115,39.75004199997056,4.838476000004448,core 6 cpu_idle,0.07227715448806644
39.75004199997056,39.75341499998467,0.0033730000141076744,core 6 cpu_frequency,0.0013330662719755896
39.75341499998467,39.95143899996765,0.19802399998297915,core 6 cpu_idle,0.0029580825117457425
39.95143899996765,44.76888299995335,4.817443999985699,core 6 cpu_frequency,1.9039348018535476
44.76888299995335,54.810006999992765,10.041124000039417,core 6 cpu_idle,0.1499943103125888
54.810006999992765,54.81265999999596,0.002653000003192574,core 6 cpu_frequency,0.0010485101716617585
54.81265999999596,54.95167699997546,0.13901699997950345,core 6 cpu_idle,0.0020766359456938226
54.95167699997546,55.80551099998411,0.8538340000086464,core 6 cpu_frequency,0.3374495412146171
55.80551099998411,56.760182999947574,0.9546719999634661,core 6 cpu_idle,0.014260890335454256
56.760182999947574,56.881257999979425,0.12107500003185123,core 6 cpu_frequency,0.04785087407258813
56.881257999979425,59.825464999943506,2.9442069999640808,core 6 cpu_frequency,1.1636000690634039
59.825464999943506,59.840022999967914,0.014558000024408102,core 6 cpu_idle,0.00021746740436460823
59.840022999967914,59.843031999946106,0.0030089999781921506,core 6 cpu_frequency,0.0011892073425811714
59.843031999946106,59.859935999964364,0.016904000018257648,core 6 cpu_idle,0.00025251195227273275
59.859935999964364,59.88589699997101,0.025961000006645918,core 6 cpu_frequency,0.010260223347426576
59.88589699997101,59.94020999997156,0.05431300000054762,core 6 cpu_frequency,0.021465410058616425
59.94020999997156,59.96083799999906,0.020628000027500093,core 6 cpu_idle,0.00030814106441079636
59.96083799999906,60.01609599997755,0.0552579999784939,core 6 cpu_frequency,0.021838889925900423
60.01609599997755,60.44110399996862,0.42500799999106675,core 6 cpu_frequency,0.1679703017308694
60.44110399996862,61.069986999966204,0.628882999997586,core 6 cpu_idle,0.00939425425396394
61.069986999966204,61.13001499994425,0.060027999978046864,core 6 cpu_frequency,0.02372407406172375
61.13001499994425,61.15012099995511,0.020106000010855496,core 6 cpu_frequency,0.007946228985090273
61.15012099995511,61.16043399996124,0.010313000006135553,core 6 cpu_frequency,0.004075870860824873
61.16043399996124,61.20100199995795,0.04056799999671057,core 6 cpu_idle,0.0006060047839508625
61.20100199995795,61.590145999973174,0.38914400001522154,core 6 cpu_frequency,0.15379624642521578
61.590145999973174,61.6099309999845,0.019785000011324883,core 6 cpu_frequency,0.007819364392475782
61.6099309999845,61.63012599997455,0.020194999990053475,core 6 cpu_frequency,0.007981403272068964
61.63012599997455,61.690348999982234,0.06022300000768155,core 6 cpu_frequency,0.023801141349435874
61.690348999982234,61.71016899996903,0.019819999986793846,core 6 cpu_frequency,0.007833196970780705
61.71016899996903,61.73006599996006,0.019896999991033226,core 6 cpu_frequency,0.007863628666056178
61.73006599996006,61.75007199996617,0.02000600000610575,core 6 cpu_frequency,0.007906707303213094
61.75007199996617,61.76985399995465,0.019781999988481402,core 6 cpu_frequency,0.007818178733047656
61.76985399995465,61.77904099994339,0.009186999988742173,core 6 cpu_frequency,0.003630856737150717
61.77904099994339,61.925290999992285,0.14625000004889444,core 6 cpu_idle,0.002184682500730385
61.925290999992285,61.94951999996556,0.024228999973274767,core 6 cpu_frequency,0.009575707836637738
61.94951999996556,61.9800019999966,0.030482000031042844,core 6 cpu_idle,0.000455340116463718
61.9800019999966,62.019988999993075,0.03998699999647215,core 6 cpu_frequency,0.01580353418020573
62.019988999993075,62.03991399996448,0.019924999971408397,core 6 cpu_frequency,0.007874694728700117
62.03991399996448,62.281204999948386,0.24129099998390302,core 6 cpu_frequency,0.09536225688243818
62.281204999948386,62.381359999999404,0.10015500005101785,core 6 cpu_frequency,0.0395829386241631
62.381359999999404,62.40986699995119,0.028506999951787293,core 6 cpu_frequency,0.011266445298545527
62.40986699995119,62.43011999997543,0.020253000024240464,core 6 cpu_frequency,0.008004325859980238
62.43011999997543,62.45005399995716,0.019933999981731176,core 6 cpu_frequency,0.007878251683979853
62.45005399995716,62.49006499996176,0.04001100000459701,core 6 cpu_frequency,0.015813019386616813
62.49006499996176,62.51004299998749,0.01997800002573058,core 6 cpu_frequency,0.007895641240569157
62.51004299998749,62.93075699999463,0.42071400000713766,core 6 cpu_frequency,0.1662732407980209
62.93075699999463,62.98010699998122,0.049349999986588955,core 6 cpu_frequency,0.019503949074699725
62.98010699998122,63.000110999972094,0.020003999990876764,core 6 cpu_frequency,0.007905916863594343
63.000110999972094,63.02014999999665,0.02003900002455339,core 6 cpu_frequency,0.00791974946490391
63.02014999999665,63.040047999995295,0.01989799999864772,core 6 cpu_frequency,0.007864023885865554
63.040047999995295,63.10006099997554,0.060012999980244786,core 6 cpu_frequency,0.0237181458105924
63.10006099997554,63.16005499998573,0.059994000010192394,core 6 cpu_frequency,0.0237106367032282
63.16005499998573,63.24007099994924,0.08001599996350706,core 6 cpu_frequency,0.03162366745437737
63.24007099994924,63.260099999955855,0.020029000006616116,core 6 cpu_frequency,0.0079157972898148
63.260099999955855,63.340310999949,0.08021099999314174,core 6 cpu_frequency,0.031700734742089495
63.340310999949,63.400543999974616,0.06023300002561882,core 6 cpu_frequency,0.023805093524524985
63.400543999974616,63.460138999973424,0.05959499999880791,core 6 cpu_frequency,0.02355294519552886
63.460138999973424,63.520011999993585,0.05987300002016127,core 6 cpu_frequency,0.02366281547436807
63.520011999993585,63.56121899996651,0.041206999972928315,core 6 cpu_frequency,0.016285698666900814
63.56121899996651,63.62029499997152,0.05907600000500679,core 6 cpu_frequency,0.023347827678778764
63.62029499997152,63.68008599994937,0.059790999977849424,core 6 cpu_frequency,0.023630407680045717
63.68008599994937,63.74001299997326,0.05992700002389029,core 6 cpu_frequency,0.02368415718304184
63.74001299997326,63.80030799994711,0.06029499997384846,core 6 cpu_frequency,0.02382959694566447
63.80030799994711,63.82040699996287,0.020099000015761703,core 6 cpu_frequency,0.007943462469429289
63.82040699996287,63.90056099998765,0.0801540000247769,core 6 cpu_frequency,0.031678207396992245
63.90056099998765,63.9603669999633,0.0598059999756515,core 6 cpu_frequency,0.02363633593117706
63.9603669999633,64.00021999998717,0.039853000023867935,core 6 cpu_frequency,0.015750575139833006
64.00021999998717,64.0402929999982,0.04007300001103431,core 6 cpu_frequency,0.015837522830760942
64.0402929999982,64.08038899995154,0.040095999953337014,core 6 cpu_frequency,0.015846612794358002
64.08038899995154,64.20008299994515,0.11969399999361485,core 6 cpu_frequency,0.04730507965667647
64.20008299994515,64.25998399994569,0.05990100000053644,core 6 cpu_frequency,0.023673881537012005
64.25998399994569,64.30042899999535,0.04044500004965812,core 6 cpu_frequency,0.01598454349562572
64.30042899999535,64.3201639999752,0.01973499997984618,core 6 cpu_frequency,0.00779960354003487
64.3201639999752,64.34025099995779,0.020086999982595444,core 6 cpu_frequency,0.007938719854721426
64.34025099995779,64.40006699995138,0.059815999993588775,core 6 cpu_frequency,0.023640288106266172
64.40006699995138,64.46009199996479,0.060025000013411045,core 6 cpu_frequency,0.023722888425300265
64.46009199996479,64.52020299999276,0.060111000027973205,core 6 cpu_frequency,0.023756877075855477
64.52020299999276,64.54022299998906,0.020019999996293336,core 6 cpu_frequency,0.007912240334535062
64.54022299998906,64.5800379999564,0.03981499996734783,core 6 cpu_frequency,0.01573555687909531
64.5800379999564,64.59998499997891,0.01994700002251193,core 6 cpu_frequency,0.007883389518497092
64.59998499997891,64.66019899997627,0.06021399999735877,core 6 cpu_frequency,0.023797584394156135
64.66019899997627,64.67999799997779,0.019799000001512468,core 6 cpu_frequency,0.007824897423797751
64.67999799997779,64.70000299997628,0.020004999998491257,core 6 cpu_frequency,0.007906312083403718
64.70000299997628,64.72015799995279,0.020154999976512045,core 6 cpu_frequency,0.007965594594717164
64.72015799995279,64.85375899996143,0.13360100000863895,core 6 cpu_frequency,0.05280135970021425
64.85375899996143,65.02133199997479,0.16757300001336262,core 6 cpu_idle,0.0025032054741996107
65.02133199997479,65.45617299998412,0.4348410000093281,core 6 cpu_frequency,0.1718564685324866
65.45617299998412,69.88995899999281,4.433786000008695,core 6 cpu_idle,0.06623189526812988
69.88995899999281,69.95064699999057,0.06068799999775365,core 6 cpu_frequency,0.0239849171575122
69.95064699999057,69.9550000000163,0.00435300002573058,core 6 cpu_frequency,6.50251143843634e-05
0.0,5.287798999983352,5.287798999983352,core 7 cpu_idle start,0.0789891414617513
5.287798999983352,5.313258999958634,0.0254599999752827,core 7 cpu_idle,0.00038032147963077296
5.313258999958634,5.3191989999613725,0.005940000002738088,core 7 cpu_frequency,0.002347587793082138
5.3191989999613725,5.563334999955259,0.2441359999938868,core 7 cpu_idle,0.003646903567908681
5.563334999955259,5.568777999957092,0.005443000001832843,core 7 cpu_frequency,0.00215116504312437
5.568777999957092,5.590117999992799,0.021340000035706908,core 7 cpu_idle,0.0003187769205333898
5.590117999992799,5.593895999947563,0.0037779999547638,core 7 cpu_frequency,0.0014931290525218935
5.593895999947563,5.600416999950539,0.006521000002976507,core 7 cpu_idle,9.741069804446306e-05
5.600416999950539,5.606695999973454,0.006279000022914261,core 7 cpu_frequency,0.0024815662962561
5.606695999973454,5.689881999976933,0.08318600000347942,core 7 cpu_idle,0.0012426324680519757
5.689881999976933,5.695531999983359,0.005650000006426126,core 7 cpu_frequency,0.0022329749225397126
5.695531999983359,5.698758999991696,0.0032270000083371997,core 7 cpu_idle,4.820492612454109e-05
5.698758999991696,5.698942999995779,0.00018400000408291817,core 7 cpu_frequency,7.271989281363783e-05
5.698942999995779,5.708905999956187,0.009962999960407615,core 7 cpu_idle,0.00014882729340856896
5.708905999956187,5.709408999944571,0.0005029999883845448,core 7 cpu_frequency,0.00019879404580937696
5.709408999944571,5.719083999982104,0.0096750000375323,core 7 cpu_idle,0.0001445251505606575
5.719083999982104,5.72090599994408,0.001821999961975962,core 7 cpu_frequency,0.0007200849945722612
5.72090599994408,5.729318999976385,0.008413000032305717,core 7 cpu_idle,0.0001256733944825828
5.729318999976385,5.729411999986041,9.300000965595245e-05,core 7 cpu_frequency,3.675516621619462e-05
5.729411999986041,5.82990199996857,0.10048999998252839,core 7 cpu_idle,0.001501119619739009
5.82990199996857,5.849897999956738,0.019995999988168478,core 7 cpu_frequency,0.007902755128123983
5.849897999956738,5.889402999950107,0.03950499999336898,core 7 cpu_frequency,0.015613039681379308
5.889402999950107,5.930993999994826,0.041591000044718385,core 7 cpu_idle,0.0006212863586680033
5.930993999994826,5.940731999988202,0.009737999993376434,core 7 cpu_frequency,0.0038486211957822545
5.940731999988202,5.999865999969188,0.05913399998098612,core 7 cpu_idle,0.0008833436917159706
5.999865999969188,6.012668999959715,0.012802999990526587,core 7 cpu_frequency,0.005059960686655947
6.012668999959715,6.022500999970362,0.00983200001064688,core 7 cpu_frequency,0.003885771581807825
6.022500999970362,6.059851999976672,0.03735100000631064,core 7 cpu_idle,0.0005579492380942683
6.059851999976672,6.09462099999655,0.03476900001987815,core 7 cpu_frequency,0.013741292927056175
6.09462099999655,6.104459999944083,0.009838999947533011,core 7 cpu_frequency,0.003888538074464164
6.104459999944083,6.139895999978762,0.03543600003467873,core 7 cpu_idle,0.0005293429685180308
6.139895999978762,6.422993999964092,0.2830979999853298,core 7 cpu_frequency,0.11188508564060207
6.422993999964092,6.561038999992888,0.1380450000287965,core 7 cpu_idle,0.002062116210430162
6.561038999992888,6.5708449999801815,0.009805999987293035,core 7 cpu_frequency,0.003875495935777993
6.5708449999801815,6.649990999954753,0.07914599997457117,core 7 cpu_idle,0.001182282947620144
6.649990999954753,7.695735999965109,1.0457450000103563,core 7 cpu_frequency,0.4132959925200929
7.695735999965109,8.07997699995758,0.3842409999924712,core 7 cpu_idle,0.005739792057887535
8.07997699995758,8.089408999949228,0.0094319999916479,core 7 cpu_frequency,0.0037276848542991087
8.089408999949228,8.130011999979615,0.04060300003038719,core 7 cpu_idle,0.0006065276144539239
8.130011999979615,8.179416999977548,0.049404999997932464,core 7 cpu_frequency,0.01952568600318287
8.179416999977548,8.500035999983083,0.3206190000055358,core 7 cpu_idle,0.004789406622082693
8.500035999983083,8.520175999961793,0.020139999978709966,core 7 cpu_frequency,0.00795966634358582
8.520175999961793,8.600049999949988,0.07987399998819456,core 7 cpu_frequency,0.031567546678534286
8.600049999949988,8.660448999959044,0.06039900000905618,core 7 cpu_frequency,0.02387069950677915
8.660448999959044,9.200187999987975,0.5397390000289306,core 7 cpu_frequency,0.21331392042663383
9.200187999987975,9.37017799995374,0.16998999996576458,core 7 cpu_idle,0.0025393106194885914
9.37017799995374,9.450427999952808,0.08024999999906868,core 7 cpu_frequency,0.03171614819963192
9.450427999952808,9.484441999986302,0.034014000033494085,core 7 cpu_frequency,0.013442904248437422
9.484441999986302,9.50000399997225,0.015561999985948205,core 7 cpu_idle,0.0002324651557900943
9.50000399997225,9.599991999974009,0.09998800000175834,core 7 cpu_frequency,0.03951693739909492
9.599991999974009,10.701351999945473,1.1013599999714643,core 7 cpu_frequency,0.43527597483672215
10.701351999945473,12.660093999991659,1.9587420000461861,core 7 cpu_idle,0.029259687996689928
12.660093999991659,12.671145999978762,0.011051999987103045,core 7 cpu_frequency,0.004367936068502906
12.671145999978762,12.780493999947794,0.10934799996903166,core 7 cpu_idle,0.001633440423537395
12.780493999947794,14.119574999960605,1.3390810000128113,core 7 cpu_frequency,0.5292273077658631
14.119574999960605,19.620052999991458,5.500478000030853,core 7 cpu_idle,0.08216614036446088
19.620052999991458,19.69396899995627,0.07391599996481091,core 7 cpu_frequency,0.029212844974892675
19.69396899995627,19.71488899999531,0.020920000039041042,core 7 cpu_frequency,0.008267935471429674
19.71488899999531,24.670167999982368,4.955278999987058,core 7 cpu_idle,0.07402195770180668
24.670167999982368,24.67983399995137,0.00966599996900186,core 7 cpu_frequency,0.0038201655765490133
24.67983399995137,24.76166599994758,0.08183199999621138,core 7 cpu_idle,0.0012224064159434057
24.76166599994758,24.790411999973003,0.02874600002542138,core 7 cpu_frequency,0.011360902142846954
24.790411999973003,29.85023399995407,5.059821999981068,core 7 cpu_idle,0.0755836210357172
29.85023399995407,29.8712349999696,0.021001000015530735,core 7 cpu_frequency,0.008299948022938005
29.8712349999696,29.931401999958325,0.060166999988723546,core 7 cpu_frequency,0.023779009201143352
29.931401999958325,30.050650999997742,0.1192490000394173,core 7 cpu_frequency,0.04712920819877837
30.050650999997742,34.71972499997355,4.669073999975808,core 7 cpu_idle,0.06974662741163862
34.71972499997355,34.85188399994513,0.13215899997157976,core 7 cpu_frequency,0.05223145705996783
34.85188399994513,34.91199599998072,0.0601120000355877,core 7 cpu_frequency,0.023757272295664853
34.91199599998072,39.75004699995043,4.83805099996971,core 7 cpu_idle,0.07227080583754752
39.75004699995043,39.95144599996274,0.2013990000123158,core 7 cpu_frequency,0.0795962683080674
39.95144599996274,44.75059399998281,4.799148000020068,core 7 cpu_frequency,1.8967039152943308
44.75059399998281,54.81001199997263,10.059417999989819,core 7 cpu_idle,0.1502675860838479
54.81001199997263,54.81318099994678,0.0031689999741502106,core 7 cpu_frequency,0.0012524420289837287
54.81318099994678,54.95168299996294,0.1385020000161603,core 7 cpu_idle,0.0020689428762414026
54.95168299996294,54.95204899995588,0.0003659999929368496,core 7 cpu_frequency,0.00014464934600852427
54.95204899995588,56.76018899999326,1.8081400000373833,core 7 cpu_idle,0.027009995320558432
56.76018899999326,56.881263999966905,0.12107499997364357,core 7 cpu_frequency,0.047850874049583485
56.881263999966905,58.678986999962945,1.79772299999604,core 7 cpu_frequency,0.7104903313448349
58.678986999962945,59.84002899995539,1.1610419999924488,core 7 cpu_idle,0.0173436453958872
59.84002899995539,59.84407699998701,0.004048000031616539,core 7 cpu_frequency,0.001599837618895387
59.84407699998701,59.85994199995184,0.01586499996483326,core 7 cpu_idle,0.00023699136947467924
59.85994199995184,59.88590299995849,0.025961000006645918,core 7 cpu_frequency,0.010260223347426576
59.88590299995849,59.94020899996394,0.054306000005453825,core 7 cpu_frequency,0.021462643542955438
59.94020899996394,59.96084499999415,0.02063600003020838,core 7 cpu_idle,0.00030826056845125274
59.96084499999415,60.016100999957416,0.05525599996326491,core 7 cpu_frequency,0.02183809948628167
60.016100999957416,60.44122699997388,0.42512600001646206,core 7 cpu_frequency,0.16801693732330605
60.44122699997388,61.06999299995368,0.6287659999798052,core 7 cpu_idle,0.00939250650769833
61.06999299995368,61.13002099998994,0.060028000036254525,core 7 cpu_frequency,0.023724074084728392
61.13002099998994,61.150142999948,0.020121999958064407,core 7 cpu_frequency,0.007952552433026347
61.150142999948,61.201029999996535,0.05088700004853308,core 7 cpu_frequency,0.020111397320781085
61.201029999996535,61.59015099995304,0.3891209999565035,core 7 cpu_frequency,0.15378715641560942
61.59015099995304,61.60993699997198,0.019786000018939376,core 7 cpu_frequency,0.007819759612285157
61.60993699997198,61.63013199996203,0.020194999990053475,core 7 cpu_frequency,0.007981403272068964
61.63013199996203,61.69035499996971,0.06022300000768155,core 7 cpu_frequency,0.023801141349435874
61.69035499996971,61.71017499995651,0.019819999986793846,core 7 cpu_frequency,0.007833196970780705
61.71017499995651,61.73007199994754,0.019896999991033226,core 7 cpu_frequency,0.007863628666056178
61.73007199994754,61.750077999953646,0.02000600000610575,core 7 cpu_frequency,0.007906707303213094
61.750077999953646,61.76985999994213,0.019781999988481402,core 7 cpu_frequency,0.007818178733047656
61.76985999994213,61.925296999979764,0.1554370000376366,core 7 cpu_frequency,0.061431313756474606
61.925296999979764,61.98000799998408,0.05471100000431761,core 7 cpu_frequency,0.021622706346506388
61.98000799998408,62.019994999980554,0.03998699999647215,core 7 cpu_frequency,0.01580353418020573
62.019994999980554,62.03991999995196,0.019924999971408397,core 7 cpu_frequency,0.007874694728700117
62.03991999995196,62.28121099999407,0.24129100004211068,core 7 cpu_frequency,0.09536225690544282
62.28121099999407,62.38136599998688,0.10015499999281019,core 7 cpu_frequency,0.03958293860115846
62.38136599998688,62.40987299999688,0.028507000009994954,core 7 cpu_frequency,0.011266445321550172
62.40987299999688,62.43012599996291,0.020252999966032803,core 7 cpu_frequency,0.008004325836975591
62.43012599996291,62.45005999994464,0.019933999981731176,core 7 cpu_frequency,0.007878251683979853
62.45005999994464,62.49007099994924,0.04001100000459701,core 7 cpu_frequency,0.015813019386616813
62.49007099994924,62.51004899997497,0.01997800002573058,core 7 cpu_frequency,0.007895641240569157
62.51004899997497,62.93076299998211,0.42071400000713766,core 7 cpu_frequency,0.1662732407980209
62.93076299998211,62.980112999968696,0.049349999986588955,core 7 cpu_frequency,0.019503949074699725
62.980112999968696,63.00011599995196,0.02000299998326227,core 7 cpu_frequency,0.007905521643784967
63.00011599995196,63.02015599998413,0.02004000003216788,core 7 cpu_frequency,0.007920144684713287
63.02015599998413,63.040053999982774,0.01989799999864772,core 7 cpu_frequency,0.007864023885865554
63.040053999982774,63.10006699996302,0.060012999980244786,core 7 cpu_frequency,0.0237181458105924
63.10006699996302,63.16006099997321,0.059994000010192394,core 7 cpu_frequency,0.0237106367032282
63.16006099997321,63.240076999994926,0.08001600002171472,core 7 cpu_frequency,0.03162366747738202
63.240076999994926,63.26010699995095,0.020029999956022948,core 7 cpu_frequency,0.007916192486619528
63.26010699995095,63.340316999994684,0.08021000004373491,core 7 cpu_frequency,0.03170033954528476
63.340316999994684,63.400549999962095,0.06023299996741116,core 7 cpu_frequency,0.02380509350152034
63.400549999962095,63.4601449999609,0.05959499999880791,core 7 cpu_frequency,0.02355294519552886
63.4601449999609,63.520017999981064,0.05987300002016127,core 7 cpu_frequency,0.02366281547436807
63.520017999981064,63.56122499995399,0.041206999972928315,core 7 cpu_frequency,0.016285698666900814
63.56122499995399,63.620300999959,0.05907600000500679,core 7 cpu_frequency,0.023347827678778764
63.620300999959,63.68009199999506,0.059791000036057085,core 7 cpu_frequency,0.02363040770305036
63.68009199999506,63.740019999968354,0.05992799997329712,core 7 cpu_frequency,0.02368455237984657
63.740019999968354,63.800313999992795,0.06029400002444163,core 7 cpu_frequency,0.02382920174885974
63.800313999992795,63.82041299995035,0.020098999957554042,core 7 cpu_frequency,0.007943462446424642
63.82041299995035,63.900566999975126,0.0801540000247769,core 7 cpu_frequency,0.031678207396992245
63.900566999975126,63.96037299995078,0.0598059999756515,core 7 cpu_frequency,0.02363633593117706
63.96037299995078,64.00022599997465,0.039853000023867935,core 7 cpu_frequency,0.015750575139833006
64.00022599997465,64.04029899998568,0.04007300001103431,core 7 cpu_frequency,0.015837522830760942
64.04029899998568,64.08039599994663,0.04009699996095151,core 7 cpu_frequency,0.015847008014167375
64.08039599994663,64.20008899999084,0.11969300004420802,core 7 cpu_frequency,0.047304684459871744
64.20008899999084,64.25998999999138,0.05990100000053644,core 7 cpu_frequency,0.023673881537012005
64.25998999999138,64.30043499998283,0.04044499999145046,core 7 cpu_frequency,0.015984543472621075
64.30043499998283,64.32016999996267,0.01973499997984618,core 7 cpu_frequency,0.00779960354003487
64.32016999996267,64.34025699994527,0.020086999982595444,core 7 cpu_frequency,0.007938719854721426
64.34025699994527,64.40007199998945,0.05981500004418194,core 7 cpu_frequency,0.023639892909461443
64.40007199998945,64.46009799995227,0.06002599996281788,core 7 cpu_frequency,0.023723283622104997
64.46009799995227,64.52020799997263,0.06011000002035871,core 7 cpu_frequency,0.0237564818560461
64.52020799997263,64.54022799996892,0.020019999996293336,core 7 cpu_frequency,0.007912240334535062
64.54022799996892,64.58004299999448,0.03981500002555549,core 7 cpu_frequency,0.015735556902099955
64.58004299999448,64.5999909999664,0.01994799997191876,core 7 cpu_frequency,0.00788378471530182
64.5999909999664,64.66020399995614,0.060212999989744276,core 7 cpu_frequency,0.023797189174346763
64.66020399995614,64.68000299995765,0.019799000001512468,core 7 cpu_frequency,0.007824897423797751
64.68000299995765,64.70000899996376,0.02000600000610575,core 7 cpu_frequency,0.007906707303213094
64.70000899996376,64.72016399999848,0.020155000034719706,core 7 cpu_frequency,0.007965594617721809
64.72016399999848,64.97173299995484,0.25156899995636195,core 7 cpu_frequency,0.09942429514195349
64.97173299995484,65.02133799996227,0.049605000007431954,core 7 cpu_idle,0.0007409994901110185
65.02133799996227,69.8899649999803,4.868627000018023,core 7 cpu_frequency,1.9241631833407227
69.8899649999803,69.95065299997805,0.06068799999775365,core 7 cpu_frequency,0.0239849171575122
69.95065299997805,69.9550000000163,0.004347000038251281,core 7 cpu_frequency,6.493548657139764e-05
